sample_name,orgname,16scq,totsum,rspsum,mesocosm,type,stage,sex,date.collected,day,abdomen.length.mm,wing.length,hindleg.length,special,dispersal,temperature,infusion,Wolb_ct1,Wolb_ct2,Act_ct,notes
OL1_5_1_S18_L001,OL1.5_1,30.21332177,26699,26453,OL1.5,A.albopictus,Adult,M,8/24/19,9,2.18,2.65,7.69,,N,H,OL,24.95443153,25.24487877,23.28533745,
OL2_8_1_S61_L001,OL2.8_1,29.89840048,39463,38987,OL2.8,A.albopictus,Adult,M,8/24/19,9,2.23,2.39,7.25,,D,H,OL,22.14682961,22.1801033,23.97679329,
OL3_8_1_S99_L001,OL3.8_1,26.20109815,58399,58183,OL3.8,A.albopictus,Adult,F,8/24/19,9,2.56,2.38,7.63,,D,H,OL,20.68154526,20.64660072,24.46085167,
OL2_5_1_S45_L001,OL2.5_1,27.58748004,45697,44559,OL2.5,A.albopictus,Adult,M,8/25/19,10,2.56,2.41,6.83,,N,H,OL,23.51140594,23.33215523,22.76675034,
OL2_8_2_S62_L001,OL2.8_2,27.44247246,39720,39533,OL2.8,A.albopictus,Adult,M,8/25/19,10,2.82,2.25,6.37,,D,H,OL,20.4536953,20.52005386,23.17061996,
OL2_8_3_S63_L001,OL2.8_3,27.97992719,19078,18986,OL2.8,A.albopictus,Adult,F,8/25/19,10,2.77,2.24,7.14,,D,H,OL,20.84132385,20.41249084,23.04937172,
SG2_7_1_S132_L001,SG2.7_1,28.83747939,67240,66719,SG2.7,A.albopictus,Adult,M,8/25/19,10,2.91,2.19,6.07,,D,H,SG,24.1519413,24.31716156,24.59418488,
OL1_5_2_S19_L001,OL1.5_2,29.01150377,43710,43525,OL1.5,A.albopictus,Adult,M,8/26/19,11,2.31,2.6,7.32,,N,H,OL,24.75453377,24.7155056,23.88456726,
OL1_5_3_S20_L001,OL1.5_3,30.09089708,49584,48989,OL1.5,A.albopictus,Adult,M,8/26/19,11,2.4,2.48,6.92,,N,H,OL,26.58118629,25.8832016,24.10007477,
OL1_5_4_S21_L001,OL1.5_4,27.65503346,57151,57025,OL1.5,A.albopictus,Adult,M,8/26/19,11,2.51,2.69,7.41,,N,H,OL,24.10000229,23.5989666,23.86557961,
OL1_7_1_S26_L001,OL1.7_1,26.83936009,67819,67481,OL1.7,A.albopictus,Adult,F,8/26/19,11,2.29,2.71,7.8,,D,H,OL,20.13662529,20.33398819,23.03606987,
OL2_5_2_S46_L001,OL2.5_2,27.55639254,37611,37318,OL2.5,A.albopictus,Adult,M,8/26/19,11,2.7,2.3,6.38,,N,H,OL,25.2057972,25.03152084,22.76675034,
OL2_6_1_S48_L001,OL2.6_1,27.16537929,40723,40574,OL2.6,A.albopictus,Adult,F,8/26/19,11,2.51,2.34,8.01,,N,H,OL,20.86472511,20.58048248,23.16298676,
OL2_6_2_S49_L001,OL2.6_2,28.24677196,44274,44085,OL2.6,A.albopictus,Adult,F,8/26/19,11,2.53,2.29,6.94,,N,H,OL,20.88964653,20.95249176,22.88038254,
OL2_7_1_S54_L001,OL2.7_1,27.28814086,32615,32585,OL2.7,A.albopictus,Adult,F,8/26/19,11,2.41,2.35,7.41,,D,H,OL,23.90813065,24.20987511,22.46909523,
OL2_7_2_S55_L001,OL2.7_2,27.23841515,32024,31909,OL2.7,A.albopictus,Adult,F,8/26/19,11,2.61,2.41,7.42,,D,H,OL,24.28785324,23.90933037,23.03100204,
OL2_8_4_S64_L001,OL2.8_4,27.45738933,31727,31460,OL2.8,A.albopictus,Adult,F,8/26/19,11,2.53,2.41,7.52,,D,H,OL,24.96729469,24.26771927,22.72518158,
OL2_8_5_S65_L001,OL2.8_5,30.36599752,39690,39008,OL2.8,A.albopictus,Adult,M,8/26/19,11,2.49,2.36,7.91,,D,H,OL,25.04980659,25.3310585,21.98945618,
OL3_6_1_S90_L001,OL3.6_1,28.89624652,39741,39472,OL3.6,A.albopictus,Adult,M,8/26/19,11,2.41,2.61,7.53,,N,H,OL,24.36488152,24.56052589,23.25573158,
OL3_6_2_S91_L001,OL3.6_2,27.5146122,51781,51633,OL3.6,A.albopictus,Adult,F,8/26/19,11,2.3,2.92,6.71,,N,H,OL,23.38265038,23.76054382,23.16804886,
OL3_6_3_S92_L001,OL3.6_3,28.38029756,38333,38031,OL3.6,A.albopictus,Adult,F,8/26/19,11,2.14,2.64,6.35,,N,H,OL,26.02344131,25.59441185,23.47595215,
OL3_8_2_S100_L001,OL3.8_2,26.73022256,73368,73170,OL3.8,A.albopictus,Adult,F,8/26/19,11,2.61,2.41,7.81,,D,H,OL,20.93550682,21.00998878,25.66957474,
SG2_6_1_S128_L001,SG2.6_1,28.24039213,43587,43416,SG2.6,A.albopictus,Adult,M,8/26/19,11,2.8,2.1,7,,N,H,SG,24.30522728,24.46644783,23.89948654,
OL1_6_1_S22_L001,OL1.6_1,27.53781747,36187,35963,OL1.6,A.albopictus,Adult,F,8/27/19,12,2.8,2.28,6.91,,N,H,OL,24.61274338,24.51101875,23.64982986,
OL1_8_1_S29_L001,OL1.8_1,29.29926453,43508,43195,OL1.8,A.albopictus,Adult,M,8/27/19,12,2.57,2.33,5.83,,D,H,OL,24.62662315,24.34645462,22.28561783,
OL2_6_3_S50_L001,OL2.6_3,23.3574178,60309,59908,OL2.6,A.albopictus,Adult,F,8/27/19,12,2.41,2.42,6.82,,N,H,OL,22.01608658,21.9900856,23.08376503,
OL2_7_4_S57_L001,OL2.7_4,28.94790904,40415,39279,OL2.7,A.albopictus,Adult,M,8/27/19,12,2.18,2.17,5.98,,D,H,OL,24.94829941,24.68060684,23.17082024,
OL2_7_5_S58_L001,OL2.7_5,26.58711782,18107,18047,OL2.7,A.albopictus,Adult,M,8/27/19,12,2.53,1.97,6.46,,D,H,OL,23.12162781,22.93842125,23.85005188,
OL2_7_6_S59_L001,OL2.7_6,26.53720181,17404,17357,OL2.7,A.albopictus,Adult,F,8/27/19,12,3.06,2.87,7.94,,D,H,OL,24.00279808,24.3485508,24.60417747,
OL2_8_6_S66_L001,OL2.8_6,28.65037662,23961,23831,OL2.8,A.albopictus,Adult,M,8/27/19,12,2.69,2.61,6.13,,D,H,OL,24.29928398,23.81716156,22.57346344,
OL2_8_7_S67_L001,OL2.8_7,26.20592444,44165,44141,OL2.8,A.albopictus,Adult,F,8/27/19,12,2.44,2.8,6.12,,D,H,OL,21.88799286,21.76529121,22.36457443,
OL3_5_1_S88_L001,OL3.5_1,27.06290798,38727,38602,OL3.5,A.albopictus,Adult,F,8/27/19,12,2.82,2.61,6.89,,N,H,OL,24.36491013,24.46465683,22.42519569,
OL3_7_1_S96_L001,OL3.7_1,27.15975863,51648,51342,OL3.7,A.albopictus,Adult,M,8/27/19,12,2.63,2.39,6.31,,D,H,OL,24.79702187,24.31543541,24.7146225,
OL3_7_2_S97_L001,OL3.7_2,27.16550081,43587,43188,OL3.7,A.albopictus,Adult,F,8/27/19,12,2.88,2.39,7.71,,D,H,OL,23.26000595,23.84420395,24.62101936,
SG2_5_1_S122_L001,SG2.5_1,26.4012766,54392,54251,SG2.5,A.albopictus,Adult,F,8/27/19,12,2.93,2.99,6.88,,N,H,SG,19.80718231,20.33672523,23.59868431,
SG2_5_2_S123_L001,SG2.5_2,27.13147069,40048,39876,SG2.5,A.albopictus,Adult,M,8/27/19,12,2.73,2.78,6.56,,N,H,SG,20.33911705,19.78963089,24.16260338,
SG2_5_3_S124_L001,SG2.5_3,28.91587805,62685,62162,SG2.5,A.albopictus,Adult,M,8/27/19,12,2.81,2.53,6.21,,N,H,SG,20.94073486,20.14508629,24.25942802,
SG2_6_2_S129_L001,SG2.6_2,27.9638998,31146,31004,SG2.6,A.albopictus,Adult,F,8/27/19,12,2.55,2.66,6.15,,N,H,SG,25.41758347,25.08804131,22.75914001,
SG3_6_1_S145_L001,SG3.6_1,27.85152686,29050,28941,SG3.6,A.albopictus,Adult,M,8/27/19,12,2.62,2.39,6.01,,N,H,SG,23.22021484,23.58190346,23.762743,
OL1_7_2_S27_L001,OL1.7_2,28.46153293,41144,40782,OL1.7,A.albopictus,Adult,M,8/28/19,13,2.76,2.3,6.57,,D,H,OL,23.07793427,20.60719299,23.37525749,
OL2_6_4_S51_L001,OL2.6_4,23.3922353,42230,42166,OL2.6,A.albopictus,Adult,M,8/28/19,13,2.99,2.29,7.01,,N,H,OL,18.73077965,18.87846756,23.35840797,
OL2_7_7_S60_L001,OL2.7_7,27.4662942,47111,46899,OL2.7,A.albopictus,Adult,M,8/28/19,13,2.37,2.01,5.88,,D,H,OL,20.76139069,20.09075737,23.19689369,
OL3_1_1_S69_L001,OL3.1_1,29.2976292,43860,43572,OL3.1,A.albopictus,Adult,M,8/28/19,13,2.75,2.58,6.55,,N,C,OL,24.77500534,23.88071823,23.50351524,
OL3_6_4_S93_L001,OL3.6_4,29.14563185,40140,40140,OL3.6,A.albopictus,Adult,M,8/28/19,13,2.4,2.15,6.49,,N,H,OL,24.71504593,24.67155075,23.63624763,
OL3_6_5_S94_L001,OL3.6_5,27.0827751,50952,50758,OL3.6,A.albopictus,Adult,M,8/28/19,13,2.29,2.18,7.01,,N,H,OL,24.12231445,24.34895706,23.30485535,
OL3_8_3_S101_L001,OL3.8_3,26.85815117,78874,78721,OL3.8,A.albopictus,Adult,M,8/28/19,13,2.29,2.18,7.01,,D,H,OL,20.98507309,21.37578201,24.61965752,
OL3_8_4_S102_L001,OL3.8_4,28.112961,50971,50352,OL3.8,A.albopictus,Adult,M,8/28/19,13,2.42,1.99,5.58,,D,H,OL,21.33387184,21.5819149,24.95266342,
SG2_5_4_S125_L001,SG2.5_4,25.25198361,57958,57901,SG2.5,A.albopictus,Adult,M,8/28/19,13,2.25,2.24,6.5,,N,H,SG,18.77474213,20.89191437,23.54012489,
SG2_6_3_S130_L001,SG2.6_3,26.84206042,32802,32707,SG2.6,A.albopictus,Adult,F,8/28/19,13,2.91,2.3,6.57,,N,H,SG,26.23536682,25.71041298,23.29417038,
SG2_7_2_S133_L001,SG2.7_2,28.7408796,53892,53480,SG2.7,A.albopictus,Adult,M,8/28/19,13,2.58,2.44,5.5,,D,H,SG,23.85400963,23.8502636,23.30236435,
SG2_8_1_S136_L001,SG2.8_1,27.35806462,57092,56746,SG2.8,A.albopictus,Adult,F,8/28/19,13,2.33,2.49,6.81,,D,H,SG,21.43252945,19.99762344,25.33081436,
OL1_1_1_S1_L001,OL1.1_1,28.64908028,47263,46749,OL1.1,A.albopictus,Adult,M,8/29/19,14,2.56,2.5,6.92,,N,C,OL,21.64093399,21.48554802,23.39183235,
OL2_1_1_S30_L001,OL2.1_1,29.7931032,30454,27155,OL2.1,A.albopictus,Adult,M,8/29/19,14,2.35,2.24,5.95,,N,C,OL,25.10674858,25.28806686,23.17961693,
OL2_1_2_S31_L001,OL2.1_2,30.19182173,16202,16054,OL2.1,A.albopictus,Adult,F,8/29/19,14,2.92,2.74,7,,N,C,OL,25.6781559,25.96525764,22.60851288,
OL2_1_3_S32_L001,OL2.1_3,28.26624527,20923,20702,OL2.1,A.albopictus,Adult,M,8/29/19,14,2.16,2.04,5.94,,N,C,OL,24.40324593,24.43476295,22.69040489,
OL2_5_3_S47_L001,OL2.5_3,25.56388409,39076,38998,OL2.5,A.albopictus,Adult,F,8/29/19,14,2.42,2.31,7,,N,H,OL,23.20717049,22.77883911,24.95811081,
OL2_6_5_S52_L001,OL2.6_5,28.58357139,42005,41620,OL2.6,A.albopictus,Adult,M,8/29/19,14,2.18,2.52,6,,N,H,OL,25.95645905,25.04725075,23.423069,
OL3_4_1_S84_L001,OL3.4_1,27.71467848,38462,38213,OL3.4,A.albopictus,Adult,F,8/29/19,14,2.61,2.42,7.62,,D,C,OL,21.3203125,20.93769646,22.80036926,
OL3_6_6_S95_L001,OL3.6_6,28.33303079,157,157,OL3.6,A.albopictus,Adult,M,8/29/19,14,2.04,2.06,6.09,,N,H,OL,25.0789547,24.84674263,24.97444725,
SG2_4_1_S120_L001,SG2.4_1,26.88893955,40768,40451,SG2.4,A.albopictus,Adult,M,8/29/19,14,2.6,2.6,6.21,,D,C,SG,24.25544739,24.58511734,24.55799294,
SG2_7_3_S134_L001,SG2.7_3,27.40752585,41973,41815,SG2.7,A.albopictus,Adult,F,8/29/19,14,2.39,2.46,7.04,,D,H,SG,20.65795708,20.0649128,23.27593422,
SG2_8_2_S137_L001,SG2.8_2,27.10076239,65015,64679,SG2.8,A.albopictus,Adult,M,8/29/19,14,2.73,2.36,6.17,,D,H,SG,19.36223221,20.20501518,23.44885063,
SG3_5_1_S142_L001,SG3.5_1,27.27557322,44906,44591,SG3.5,A.albopictus,Adult,F,8/29/19,14,2.49,2.21,6.49,,N,H,SG,25.11198235,25.26467896,23.61369896,
SG3_5_2_S143_L001,SG3.5_2,22.17228922,58620,58568,SG3.5,A.albopictus,Adult,F,8/29/19,14,2.38,2.12,6.01,,N,H,SG,23.35663605,22.98440552,23.95278549,
SG3_6_2_S146_L001,SG3.6_2,24.77571054,44835,44778,SG3.6,A.albopictus,Adult,M,8/29/19,14,2.51,2.06,6.21,,N,H,SG,18.71529579,19.114151,23.65268707,
SG3_8_1_S148_L001,SG3.8_1,27.11785004,35113,34034,SG3.8,A.albopictus,Adult,F,8/29/19,14,2.21,2.4,5.98,,D,H,SG,20.87402534,23.24341202,24.44379997,
OL1_1_2_S2_L001,OL1.1_2,27.96472877,51746,51500,OL1.1,A.albopictus,Adult,F,8/30/19,15,2.88,2.71,7.41,,N,C,OL,21.3106842,20.71905899,23.19894028,
OL1_1_3_S3_L001,OL1.1_3,27.37678021,3553,3369,OL1.1,A.albopictus,Adult,F,8/30/19,15,2.78,2.9,7.01,,N,C,OL,20.69716644,20.60089684,23.50626755,
OL1_4_1_S13_L001,OL1.4_1,27.56954199,43353,41983,OL1.4,A.albopictus,Adult,M,8/30/19,15,2.97,2.41,7.29,,D,C,OL,20.44104195,20.35607338,23.27729607,
OL1_6_2_S23_L001,OL1.6_2,28.69459292,50426,48291,OL1.6,A.albopictus,Adult,M,8/30/19,15,2.7,2.4,6.91,,N,H,OL,25.1973114,24.87471581,23.66290283,
OL2_2_1_S35_L001,OL2.2_1,30.13726722,45163,44508,OL2.2,A.albopictus,Adult,M,8/30/19,15,2.2,2.28,6.79,,N,C,OL,25.71555901,25.69972801,25.53823471,
OL2_4_1_S41_L001,OL2.4_1,28.37259563,30768,30564,OL2.4,A.albopictus,Adult,M,8/30/19,15,2.23,2.24,6.58,,D,C,OL,24.13054848,25.99279976,21.67697525,
OL2_6_6_S53_L001,OL2.6_6,27.96190978,37860,37699,OL2.6,A.albopictus,Adult,F,8/30/19,15,2.57,2.41,6.91,,N,H,OL,23.20103264,22.89125061,21.80788231,
OL2_8_8_S68_L001,OL2.8_8,26.19823578,44222,43908,OL2.8,A.albopictus,Adult,F,8/30/19,15,2.41,2.21,6.21,,D,H,OL,23.95362091,23.55234909,23.41036034,
OL3_2_1_S72_L001,OL3.2_1,25.5696132,45036,44931,OL3.2,A.albopictus,Adult,F,8/30/19,15,2.55,2.54,6.91,,N,C,OL,21.45275879,21.32028389,22.68870735,
OL3_3_1_S78_L001,OL3.3_1,28.25061269,31071,30914,OL3.3,A.albopictus,Adult,F,8/30/19,15,2.57,3.05,6.31,,D,C,OL,23.83854866,24.12313652,22.65111923,
OL3_4_2_S85_L001,OL3.4_2,27.79325438,31239,31111,OL3.4,A.albopictus,Adult,F,8/30/19,15,2.72,3,6.98,,D,C,OL,20.80007172,20.45063972,22.56747818,
OL3_5_2_S89_L001,OL3.5_2,30.21872335,37689,37199,OL3.5,A.albopictus,Adult,M,8/30/19,15,2.12,2.53,6.42,,N,H,OL,24.94665718,25.30950928,23.04212952,
OL3_8_5_S464_L001,OL3.8_5,26.85649045,50671,50448,OL3.8,A.albopictus,Adult,F,8/30/19,15,2.55,2.55,7.04,,D,H,OL,24.54693031,24.22942162,22.99457741,
SG2_8_3_S138_L001,SG2.8_3,26.78857721,60458,60345,SG2.8,A.albopictus,Adult,F,8/30/19,15,2.41,2.21,6.41,,D,H,SG,23.18609428,22.97434425,22.57222366,
SG3_5_3_S144_L001,SG3.5_3,25.80560921,38064,38009,SG3.5,A.albopictus,Adult,F,8/30/19,15,2.76,2.9,6.47,,N,H,SG,21.9112072,22.19952774,23.64299965,
OL1_1_4_S4_L001,OL1.1_4,28.13919224,73724,73364,OL1.1,A.albopictus,Adult,F,8/31/19,16,2.85,2.78,7.82,,N,C,OL,21.39477539,21.3096447,23.15345383,
OL1_1_5_S5_L001,OL1.1_5,32.15191463,60209,58692,OL1.1,A.albopictus,Adult,M,8/31/19,16,2.61,2.41,7.31,,N,C,OL,27.97010422,28.59294701,25.02994919,
OL1_3_1_S9_L001,OL1.3_1,29.10323895,45797,45478,OL1.3,A.albopictus,Adult,M,8/31/19,16,2.21,2.31,5.98,,D,C,OL,25.50611877,25.36514854,23.534235,
OL1_3_2_S10_L001,OL1.3_2,28.40578902,42557,42211,OL1.3,A.albopictus,Adult,M,8/31/19,16,2.5,2.48,6.92,,D,C,OL,25.60328102,25.01073456,23.71788788,
OL2_1_4_S33_L001,OL2.1_4,28.46084672,47266,46191,OL2.1,A.albopictus,Adult,M,8/31/19,16,2.41,2.17,6.6,,N,C,OL,24.67560768,24.06527519,23.30807304,
OL2_4_2_S42_L001,OL2.4_2,29.99130615,34793,34547,OL2.4,A.albopictus,Adult,M,8/31/19,16,2.72,2.47,7.11,,D,C,OL,25.14788437,24.00296021,22.95612526,
SG1_1_1_S103_L001,SG1.1_1,27.07609374,40655,40355,SG1.1,A.albopictus,Adult,M,8/31/19,16,2.98,2.67,7.21,,N,C,SG,23.86195946,24.02859306,23.51266861,
SG1_4_1_S104_L001,SG1.4_1,26.95158029,21863,21804,SG1.4,A.albopictus,Adult,M,8/31/19,16,3.01,2.76,6.98,,D,C,SG,24.4039917,23.68664551,23.24004555,
SG2_6_4_S131_L001,SG2.6_4,24.05784643,61898,61801,SG2.6,A.albopictus,Adult,F,8/31/19,16,2.53,2.89,6.32,,N,H,SG,22.8915062,22.61523247,24.14203644,
OL1_6_3_S24_L001,OL1.6_3,28.34357659,66455,65982,OL1.6,A.albopictus,Adult,M,9/1/19,17,2.42,2.27,6.84,,N,H,OL,21.03888702,20.92921448,23.33987999,
OL1_7_3_S28_L001,OL1.7_3,26.84866514,41689,41523,OL1.7,A.albopictus,Adult,F,9/1/19,17,2.72,2.9,8.24,,D,H,OL,24.6217308,24.5080471,22.90132523,
OL2_2_2_S36_L001,OL2.2_2,27.8862133,41705,40730,OL2.2,A.albopictus,Adult,F,9/1/19,17,2.55,2.15,6.92,,N,C,OL,21.34311867,20.81584358,23.03512192,
OL2_4_3_S43_L001,OL2.4_3,28.22859641,42469,42209,OL2.4,A.albopictus,Adult,F,9/1/19,17,2.71,2.64,7.1,,D,C,OL,24.29014778,24.14382744,22.57348251,
OL2_4_4_S44_L001,OL2.4_4,27.93981095,35753,35582,OL2.4,A.albopictus,Adult,F,9/1/19,17,2.82,2.84,6.99,,D,C,OL,24.61748314,26.60848045,22.2977047,
OL3_2_2_S73_L001,OL3.2_2,27.60295157,42319,42182,OL3.2,A.albopictus,Adult,F,9/1/19,17,2.85,2.74,7.23,,N,C,OL,21.23829269,19.80386734,22.55931282,
OL3_3_2_S79_L001,OL3.3_2,27.60364834,43605,43524,OL3.3,A.albopictus,Adult,M,9/1/19,17,2.32,2.24,6.3,,D,C,OL,23.36704636,22.82760429,23.50547028,
OL3_7_3_S98_L001,OL3.7_3,27.47687992,72002,71673,OL3.7,A.albopictus,Adult,M,9/1/19,17,2.37,2.41,6.23,,D,H,OL,24.47485924,24.24618721,24.88529778,
SG1_6_1_S105_L001,SG1.6_1,26.51601971,54121,54024,SG1.6,A.albopictus,Adult,M,9/1/19,17,2.77,2.61,7.01,,N,H,SG,23.51702881,26.74157715,22.70677567,
SG2_5_5_S126_L001,SG2.5_5,25.02476662,55490,55381,SG2.5,A.albopictus,Adult,F,9/1/19,17,2.8,2.48,6.34,,N,H,SG,23.44813728,23.26021194,22.34128761,
SG2_8_4_S139_L001,SG2.8_4,25.88187151,77113,76851,SG2.8,A.albopictus,Adult,F,9/1/19,17,2.43,2.4,6.74,,D,H,SG,22.77605629,22.34625053,21.59624672,
SW2_1_1_S161_L001,SW2.1_1,27.2732511,37238,37181,SW2.1,A.albopictus,Adult,F,9/1/19,17,3.18,3.05,7.12,,N,C,SW,20.71426582,20.94275665,23.05601692,
SW3_8_1_S195_L001,SW3.8_1,26.43793478,20067,19983,SW3.8,A.albopictus,Adult,F,9/1/19,17,2.23,2.32,6.01,,D,H,SW,23.94817162,23.56150055,23.0279007,
SW3_8_2_S196_L001,SW3.8_2,25.95414366,15221,15213,SW3.8,A.albopictus,Adult,M,9/1/19,17,2.16,2,5.85,,D,H,SW,23.1981411,22.63860321,22.80572319,
OL1_1_6_S462_L001,OL1.1_6,28.39961614,34042,33647,OL1.1,A.albopictus,Adult,M,9/2/19,18,2.6,2.54,6.91,,N,C,OL,24.02267265,24.72494507,23.1812439,
OL1_4_2_S14_L001,OL1.4_2,27.12844311,45006,44817,OL1.4,A.albopictus,Adult,F,9/2/19,18,2.91,2.95,7.01,,D,C,OL,20.28046608,20.16711044,22.61404037,
OL3_1_2_S70_L001,OL3.1_2,27.24812743,24408,24128,OL3.1,A.albopictus,Adult,F,9/2/19,18,2.33,2.37,7,,N,C,OL,24.88629532,25.39679527,23.42039108,
OL3_2_3_S74_L001,OL3.2_3,27.67562499,29788,29623,OL3.2,A.albopictus,Adult,F,9/2/19,18,2.55,2.76,7.63,,N,C,OL,20.74279976,20.50073051,23.15066528,
OL3_3_3_S80_L001,OL3.3_3,27.37092366,67033,66743,OL3.3,A.albopictus,Adult,M,9/2/19,18,2.35,2.31,4.62,,D,C,OL,23.76592827,23.46290016,23.28615952,
OL3_3_4_S81_L001,OL3.3_4,30.31547792,38063,37660,OL3.3,A.albopictus,Adult,M,9/2/19,18,2.44,2.15,6.16,,D,C,OL,25.88256073,25.74209785,24.21931458,
SG2_1_1_S106_L001,SG2.1_1,26.84340337,33395,32728,SG2.1,A.albopictus,Adult,F,9/2/19,18,2.35,2.79,5.79,,N,C,SG,24.67490196,23.90143967,23.29526329,
SG2_1_2_S107_L001,SG2.1_2,26.16694929,44331,43872,SG2.1,A.albopictus,Adult,M,9/2/19,18,2.96,2.36,7.43,,N,C,SG,24.24273682,24.26314926,24.7845459,
SG2_2_1_S113_L001,SG2.2_1,27.92848919,35609,35458,SG2.2,A.albopictus,Adult,F,9/2/19,18,2.79,2.87,6.25,,N,C,SG,20.50574875,21.52557182,22.97858238,
SG2_2_2_S114_L001,SG2.2_2,27.06934169,54666,54478,SG2.2,A.albopictus,Adult,M,9/2/19,18,2.38,2.61,6,,N,C,SG,24.41205597,23.25391197,22.92505455,
SG2_8_5_S140_L001,SG2.8_5,25.79023044,45562,45423,SG2.8,A.albopictus,Adult,M,9/2/19,18,2.4,2.17,7.04,,D,H,SG,24.31830025,23.80946159,23.44977951,
SW3_6_1_S192_L001,SW3.6_1,24.42353899,24506,24375,SW3.6,A.albopictus,Adult,F,9/2/19,18,2.41,2.41,6.12,,N,H,SW,25.3170433,25.84208298,22.533741,
OL1_3_3_S11_L001,OL1.3_3,,58920,57545,OL1.3,A.albopictus,Adult,F,9/3/19,19,2.51,2.64,6.99,,D,C,OL,25.36527252,25.52601814,23.78507042,
OL1_3_4_S12_L001,OL1.3_4,26.94695672,50631,50395,OL1.3,A.albopictus,Adult,F,9/3/19,19,2.57,2.86,7.11,,D,C,OL,20.80209351,20.25452995,22.60593605,
OL1_4_3_S15_L001,OL1.4_3,27.19070286,49560,48760,OL1.4,A.albopictus,Adult,F,9/3/19,19,2.54,2.17,6.43,,D,C,OL,19.84744835,19.86358833,23.31805229,
OL1_4_4_S16_L001,OL1.4_4,28.37336742,49021,47291,OL1.4,A.albopictus,Adult,M,9/3/19,19,2.53,2.42,7.12,,D,C,OL,25.24251366,25.17086601,23.57708549,
OL3_2_4_S75_L001,OL3.2_4,27.4288441,32651,32527,OL3.2,A.albopictus,Adult,M,9/3/19,19,2.19,2.49,6.85,,N,C,OL,23.51911736,24.54657936,23.00582123,
OL3_2_5_S76_L001,OL3.2_5,28.29260119,53387,53030,OL3.2,A.albopictus,Adult,M,9/3/19,19,2.21,2.32,6.54,,N,C,OL,24.87580299,24.43319321,23.52405357,
OL3_3_5_S82_L001,OL3.3_5,27.51631044,34359,34083,OL3.3,A.albopictus,Adult,M,9/3/19,19,2.63,2.6,6.26,,D,C,OL,24.12549973,22.89544678,23.58956909,
OL3_4_3_S86_L001,OL3.4_3,27.40967837,42644,42142,OL3.4,A.albopictus,Adult,F,9/3/19,19,2.76,2.88,7.57,,D,C,OL,20.80472946,20.86345863,22.82571411,
OL3_4_4_S87_L001,OL3.4_4,26.29708322,33148,33078,OL3.4,A.albopictus,Adult,F,9/3/19,19,3.13,3.14,7.61,,D,C,OL,23.15842819,23.27330208,22.48309517,
SG2_3_1_S119_L001,SG2.3_1,26.8297864,33850,33701,SG2.3,A.albopictus,Adult,F,9/3/19,19,2.79,3.08,7.51,,D,C,SG,24.06548309,24.03174019,24.72895241,
SG2_4_2_S121_L001,SG2.4_2,27.07336595,44715,44658,SG2.4,A.albopictus,Adult,F,9/3/19,19,3.2,3.22,7.21,,D,C,SG,23.13216782,22.58800507,24.30283165,
SG2_5_6_S127_L001,SG2.5_6,25.70242499,34610,34504,SG2.5,A.albopictus,Adult,F,9/3/19,19,2.74,2.67,7.31,,N,H,SG,23.36654282,23.33204842,23.07901192,
SG2_7_4_S135_L001,SG2.7_4,27.14526972,64080,63705,SG2.7,A.albopictus,Adult,F,9/3/19,19,2.45,2.31,6.41,,D,H,SG,19.76153946,20.01447105,23.09932709,
SG3_3_1_S141_L001,SG3.3_1,28.21623066,32630,31859,SG3.3,A.albopictus,Adult,M,9/3/19,19,3.42,2.79,7.21,,D,C,SG,24.81376648,24.96126175,24.26336098,
SW1_5_1_S158_L001,SW1.5_1,23.43718307,57871,57520,SW1.5,A.albopictus,Adult,F,9/3/19,19,2.31,2.21,6.73,,N,H,SW,22.45518875,21.90499878,24.04989243,
SW1_8_1_S159_L001,SW1.8_1,27.79796652,39969,39722,SW1.8,A.albopictus,Adult,F,9/3/19,19,2.61,2.45,6.76,,D,H,SW,19.95973206,19.5988884,23.94446945,
SW3_1_1_S182_L001,SW3.1_1,27.65786955,36618,36401,SW3.1,A.albopictus,Adult,M,9/3/19,19,2.74,2.42,6.34,,N,C,SW,21.30607224,20.65884972,24.27055931,
SW3_8_3_S197_L001,SW3.8_3,22.48568379,20333,20264,SW3.8,A.albopictus,Adult,F,9/3/19,19,2.88,3.15,7.81,,D,H,SW,25.07369041,24.29316521,22.43276215,
OL1_2_1_S8_L001,OL1.2_1,27.41491402,61206,61026,OL1.2,A.albopictus,Adult,F,9/4/19,20,2.24,2.7,7.07,,N,C,OL,24.3219738,24.42866516,23.37666893,
OL1_6_4_S25_L001,OL1.6_4,27.51340267,49646,49278,OL1.6,A.albopictus,Adult,F,9/4/19,20,2.33,2.74,6.35,,N,H,OL,22.61651421,20.3595314,23.25758743,
OL2_3_1_S37_L001,OL2.3_1,28.66491126,56235,55808,OL2.3,A.albopictus,Adult,M,9/4/19,20,2.31,2.03,5.45,,D,C,OL,20.94627571,20.84897804,23.37038231,
OL2_3_2_S38_L001,OL2.3_2,26.59982736,42832,42649,OL2.3,A.albopictus,Adult,F,9/4/19,20,2.35,2.6,7.06,,D,C,OL,19.93500519,19.50575447,23.30161476,
OL2_3_3_S39_L001,OL2.3_3,28.07617795,48146,47607,OL2.3,A.albopictus,Adult,F,9/4/19,20,2.31,2.78,7.38,,D,C,OL,21.16430855,21.16604233,23.33319855,
OL3_2_6_S77_L001,OL3.2_6,28.3185711,13425,13339,OL3.2,A.albopictus,Adult,F,9/4/19,20,2.23,2.77,6.42,,N,C,OL,24.14127541,24.1366539,23.37375641,
SG2_1_3_S108_L001,SG2.1_3,,35020,35008,SG2.1,A.albopictus,Adult,F,9/4/19,20,2.71,2.62,7.44,,N,C,SG,23.80006981,23.74465752,24.81608772,
SG2_2_3_S115_L001,SG2.2_3,26.05383561,46695,46558,SG2.2,A.albopictus,Adult,M,9/4/19,20,2.35,2.41,6.03,,N,C,SG,23.94521332,23.18900681,23.47599792,
SW2_8_1_S181_L001,SW2.8_1,27.92636199,42076,41859,SW2.8,A.albopictus,Adult,F,9/4/19,20,2.68,2.9,6.55,,D,H,SW,23.96713448,23.99742699,23.8000412,
SW3_5_1_S191_L001,SW3.5_1,20.12132727,29054,28839,SW3.5,A.albopictus,Adult,F,9/4/19,20,2.42,2.32,6.42,,N,H,SW,24.07170105,24.83250618,22.7266655,
OL1_1_7_S6_L001,OL1.1_7,28.34080196,66369,66200,OL1.1,A.albopictus,Adult,M,9/5/19,21,2.14,2.33,5.97,,N,C,OL,23.28539848,23.56788635,23.95807076,
OL1_4_5_S17_L001,OL1.4_5,27.00019151,56036,55898,OL1.4,A.albopictus,Adult,M,9/5/19,21,2.44,2.31,6.75,,D,C,OL,23.11450005,22.82937241,23.14491653,
OL2_3_4_S40_L001,OL2.3_4,28.63576391,52116,51844,OL2.3,A.albopictus,Adult,M,9/5/19,21,1.96,1.85,5.76,,D,C,OL,24.40167046,24.1094799,24.41600227,
OL3_3_6_S83_L001,OL3.3_6,28.65100631,34746,34540,OL3.3,A.albopictus,Adult,M,9/5/19,21,2.41,2.54,6.42,,D,C,OL,26.14922142,26.21922874,25.82003593,
SG2_1_4_S109_L001,SG2.1_4,32.22163578,47006,46726,SG2.1,A.albopictus,Adult,F,9/5/19,21,2.07,2.19,6.91,,N,C,SG,26.56292534,23.59931946,24.85427666,
SG2_2_4_S116_L001,SG2.2_4,28.03877031,37925,37713,SG2.2,A.albopictus,Adult,M,9/5/19,21,1.94,2.26,6.81,,N,C,SG,25.04266167,24.23313141,23.09056473,
SW1_8_2_S160_L001,SW1.8_2,24.37557522,80476,79764,SW1.8,A.albopictus,Adult,F,9/5/19,21,2.41,2.29,5.12,,D,H,SW,19.22801208,20.21088028,23.86969948,
SW2_1_2_S162_L001,SW2.1_2,27.76447361,44655,44403,SW2.1,A.albopictus,Adult,F,9/5/19,21,2.4,3.02,6.36,,N,C,SW,24.09288788,24.15967751,22.64419556,
SG2_1_5_S110_L001,SG2.1_5,25.95998689,73105,73044,SG2.1,A.albopictus,Adult,F,9/6/19,22,2.12,2.59,6.29,,N,C,SG,20.97624207,19.55130196,24.0646019,
SG2_1_6_S111_L001,SG2.1_6,26.43881071,58319,58259,SG2.1,A.albopictus,Adult,F,9/6/19,22,2.09,2.88,7.62,,N,C,SG,20.25111198,20.13650894,23.83777618,
SW1_4_1_S153_L001,SW1.4_1,24.74800122,46069,45933,SW1.4,A.albopictus,Adult,M,9/6/19,22,2.85,2.72,5.67,,D,C,SW,24.26335907,24.63942719,23.06074142,
SW2_1_3_S163_L001,SW2.1_3,25.91683056,50095,49926,SW2.1,A.albopictus,Adult,M,9/6/19,22,2.48,2.63,5.34,,N,C,SW,22.53759956,23.02482033,22.9607029,
SW2_1_4_S164_L001,SW2.1_4,27.1214945,46270,46112,SW2.1,A.albopictus,Adult,M,9/6/19,22,1.9,1.82,6.16,,N,C,SW,26.13970947,25.61489868,23.32988167,
SW2_6_1_S180_L001,SW2.6_1,25.89644097,50126,50001,SW2.6,A.albopictus,Adult,M,9/6/19,22,2.29,2.5,5.67,,N,H,SW,21.88576317,22.35580063,25.1097126,
SW3_6_2_S193_L001,SW3.6_2,25.36330521,21680,21642,SW3.6,A.albopictus,Adult,F,9/6/19,22,3.16,2.98,7.62,,N,H,SW,23.26082039,23.17960358,22.14616394,
OL1_1_8_S7_L001,OL1.1_8,25.15219244,82795,82641,OL1.1,A.albopictus,Adult,M,9/7/19,23,2.35,2.62,6.05,,N,C,OL,21.84471512,21.69595718,23.34496498,
SW2_1_5_S165_L001,SW2.1_5,26.27475238,38524,38451,SW2.1,A.albopictus,Adult,F,9/7/19,23,2.62,3.06,7.51,,N,C,SW,23.23168755,23.33774376,22.77463913,
SG2_2_5_S117_L001,SG2.2_5,25.97299703,56834,56637,SG2.2,A.albopictus,Adult,M,9/8/19,24,2.12,2.55,6.68,,N,C,SG,23.59614563,25.2640419,23.53245544,
SW2_5_1_S179_L001,SW2.5_1,27.08539348,54315,54088,SW2.5,A.albopictus,Adult,F,9/8/19,24,1.98,2.5,5.54,,N,H,SW,23.92022324,23.36252403,24.87836266,
SW3_3_1_S187_L001,SW3.3_1,25.74505133,55724,55445,SW3.3,A.albopictus,Adult,M,9/8/19,24,2.05,2.61,6.03,,D,C,SW,24.08059311,23.1186409,22.82098961,
OL3_1_3_S71_L001,OL3.1_3,27.01903838,46979,46616,OL3.1,A.albopictus,Adult,M,9/9/19,25,2.21,2.24,5.49,,N,C,OL,23.44360161,24.01220512,25.34917068,
SG2_1_7_S112_L001,SG2.1_7,26.91927608,61458,61099,SG2.1,A.albopictus,Adult,F,9/9/19,25,2.63,2.78,6.99,,N,C,SG,19.2897892,20.41608047,24.64521599,
SW1_4_2_S154_L001,SW1.4_2,24.30484075,42887,42590,SW1.4,A.albopictus,Adult,M,9/9/19,25,2.22,2.31,6.41,,D,C,SW,23.57344437,23.53178024,23.24720192,
SW2_1_6_S166_L001,SW2.1_6,27.16132709,34889,34621,SW2.1,A.albopictus,Adult,M,9/9/19,25,2.64,2.77,6.84,,N,C,SW,24.14352226,25.14865494,23.21735764,
SW2_4_1_S174_L001,SW2.4_1,28.87432037,42858,42621,SW2.4,A.albopictus,Adult,M,9/9/19,25,2.66,2.77,6.84,,D,C,SW,24.73001099,24.75305557,23.29416275,
SW3_4_1_S189_L001,SW3.4_1,27.02163815,23509,23436,SW3.4,A.albopictus,Adult,F,9/9/19,25,2.83,3.1,6.67,,D,C,SW,24.00303841,23.96780586,22.76717567,
OL2_1_5_S34_L001,OL2.1_5,26.25976609,43058,42925,OL2.1,A.albopictus,Adult,F,9/10/19,26,2.65,2.82,5.8,,N,C,OL,23.20742035,22.77775574,22.88536644,
SW2_3_1_S170_L001,SW2.3_1,29.88620884,33730,33341,SW2.3,A.albopictus,Adult,F,9/10/19,26,2.98,3.66,7.17,,D,C,SW,22.45298386,22.25155067,25.26425552,
SW3_4_2_S467_L001,SW3.4_2,23.67596516,19229,19226,SW3.4,A.albopictus,Adult,F,9/10/19,26,2.3,2.31,7.06,,D,C,SW,23.25438118,22.68120766,22.8678627,
SW1_4_3_S155_L001,SW1.4_3,27.19844526,85592,81113,SW1.4,A.albopictus,Adult,F,9/11/19,27,2.31,2.41,6.78,,D,C,SW,22.99076653,22.83268547,25.42762375,
SW1_4_4_S156_L001,SW1.4_4,27.0334868,79090,78762,SW1.4,A.albopictus,Adult,M,9/11/19,27,2.21,2.28,6.03,,D,C,SW,22.76736069,22.8860836,24.47917175,
SW1_4_5_S157_L001,SW1.4_5,23.84748305,82324,82152,SW1.4,A.albopictus,Adult,M,9/11/19,27,2.43,2.57,5.87,,D,C,SW,20.08437729,20.07344818,24.67737579,
SW2_3_2_S171_L001,SW2.3_2,25.47838225,46048,45938,SW2.3,A.albopictus,Adult,M,9/11/19,27,2.51,2.5,6.98,,D,C,SW,20.08098984,20.63186646,24.14100266,
SW3_3_2_S188_L001,SW3.3_2,25.36428265,50121,50036,SW3.3,A.albopictus,Adult,M,9/11/19,27,2.62,2.55,6.02,,D,C,SW,22.51204681,22.81804848,22.30898666,
SW3_4_3_S190_L001,SW3.4_3,26.63724253,24006,23826,SW3.4,A.albopictus,Adult,M,9/11/19,27,2.31,2.29,6.48,,D,C,SW,26.09192085,25.20227432,24.33673859,
SW1_2_1_S149_L001,SW1.2_1,23.80862444,59092,58942,SW1.2,A.albopictus,Adult,F,9/12/19,28,2.81,2.8,5.89,,N,C,SW,19.26706123,18.88101959,23.45544243,
SW2_3_3_S172_L001,SW2.3_3,27.31284657,30824,30693,SW2.3,A.albopictus,Adult,M,9/12/19,28,2.98,2.92,5.97,,D,C,SW,20.30617905,20.28045845,24.81819344,
SW2_4_2_S175_L001,SW2.4_2,27.44338898,28271,28101,SW2.4,A.albopictus,Adult,F,9/12/19,28,2.59,2.47,7.8,,D,C,SW,25.37465477,25.26083946,23.01518631,
SW2_4_3_S176_L001,SW2.4_3,26.1408127,37659,37477,SW2.4,A.albopictus,Adult,M,9/12/19,28,2.58,2.21,7.12,,D,C,SW,22.58162689,22.13149452,23.10393715,
SW3_2_1_S183_L001,SW3.2_1,25.34214495,52301,52224,SW3.2,A.albopictus,Adult,M,9/12/19,28,2.52,2.54,6.67,,N,C,SW,19.21381378,18.86706543,24.80766106,
SW3_2_2_S184_L001,SW3.2_2,28.33852435,40856,38131,SW3.2,A.albopictus,Adult,M,9/12/19,28,2.31,2.34,6.71,,N,C,SW,21.19233894,18.81298447,23.9791832,
SW1_2_2_S150_L001,SW1.2_2,26.57666051,45714,45487,SW1.2,A.albopictus,Adult,M,9/13/19,29,2.81,2.8,7.41,,N,C,SW,23.85803604,22.68267632,22.25516701,
SW1_2_3_S151_L001,SW1.2_3,24.93854168,40761,40615,SW1.2,A.albopictus,Adult,F,9/13/19,29,3.17,2.71,6.99,,N,C,SW,22.73254204,22.55797005,23.73515892,
SW1_3_1_S152_L001,SW1.3_1,25.71484268,46324,46203,SW1.3,A.albopictus,Adult,M,9/13/19,29,2.66,2.58,6.01,,D,C,SW,23.13561249,23.3866539,23.03475761,
SW2_3_4_S173_L001,SW2.3_4,26.85051437,44035,43908,SW2.3,A.albopictus,Adult,M,9/13/19,29,2.61,2.54,7.01,,D,C,SW,22.63306618,22.53680229,22.10288048,
SG2_2_6_S118_L001,SG2.2_6,25.0702327,74565,74487,SG2.2,A.albopictus,Adult,F,9/14/19,30,2.51,2.16,6.4,,N,C,SG,22.10224152,22.51653481,22.85942841,
SW2_4_4_S177_L001,SW2.4_4,26.91531175,53609,53379,SW2.4,A.albopictus,Adult,M,9/15/19,31,2.35,2.24,5.6,,D,C,SW,26.6020298,26.35889816,23.3337574,
SW2_4_5_S178_L001,SW2.4_5,26.32792208,37215,37082,SW2.4,A.albopictus,Adult,M,9/16/19,32,2.72,2.71,7.12,,D,C,SW,23.76101875,24.07833862,22.99433899,
SW3_2_3_S185_L001,SW3.2_3,26.35634478,45625,45512,SW3.2,A.albopictus,Adult,M,9/16/19,32,2.45,2.35,6.66,,N,C,SW,23.55317688,23.08093452,22.94342613,
SW2_2_1_S168_L001,SW2.2_1,26.913171,31161,31057,SW2.2,A.albopictus,Adult,F,9/17/19,33,3.47,2.84,6.94,,N,C,SW,23.06884193,23.4920845,24.28453064,
SW2_1_8_S167_L001,SW2.1_8,25.69528862,125378,124840,SW2.1,A.albopictus,Adult,M,9/22/19,38,2.24,2.23,6.91,,N,C,SW,24.23282814,25.739645,23.16219902,"was listed as day 34, changed to 38 based on 9/22 date"
SW2_2_3_S169_L001,SW2.2_3,27.91014186,56769,56571,SW2.2,A.albopictus,Adult,F,9/22/19,38,2.41,2.45,7.01,,N,C,SW,23.70467949,23.59632874,25.41029549,"was listed as day 34, changed to 38 based on 9/22 date"
SW3_2_5_S186_L001,SW3.2_5,26.09778857,58484,58327,SW3.2,A.albopictus,Adult,F,9/22/19,38,2.32,2.4,7.21,,N,C,SW,22.74755287,22.70573044,22.37865067,"was listed as day 34, changed to 38 based on 9/22 date"
M_SW1_1_S436_L001,M_SW1_1,,6485,201,,Infusion water,Infusion,,8/15/19,0,,,,SW Microbial-filtered-dilute,,,SW,,,,"some info was blank, filled it in assuming this was the day 0 infusion water sample. Also, there was treatment info which I don't understand"
M_SW1_2_S437_L001,M_SW1_2,,3259,5,,Infusion water,Infusion,,8/15/19,0,,,,SW Microbial-filtered-dilute,,,SW,,,,"some info was blank, filled it in assuming this was the day 0 infusion water sample. Also, there was treatment info which I don't understand"
M_SW1_3_S438_L001,M_SW1_3,,3086,0,,Infusion water,Infusion,,8/15/19,0,,,,SW Microbial-filtered-dilute,,,SW,,,,"some info was blank, filled it in assuming this was the day 0 infusion water sample. Also, there was treatment info which I don't understand"
RSP_F_D3_S457_L001,RSP_F_D3,,6103,1675,,Dispersal Filtered,Dispersal,,8/17/19,2,,,,,,,,,,,
RSP_F_D5_S439_L001,RSP_F_D5,,8004,2137,,Dispersal Filtered,Dispersal,,8/19/19,4,,,,,,,,,,,
RSP_F_D9_S443_L001,RSP_F_D9,,5221,201,,Dispersal Filtered,Dispersal,,8/23/19,8,,,,,,,,,,,
RSP_F_D11_S445_L001,RSP_F_D11,,1197,9,,Dispersal Filtered,Dispersal,,8/25/19,10,,,,,,,,,,,
RSP_F_D13_S447_L001,RSP_F_D13,,3328,106,,Dispersal Filtered,Dispersal,,8/27/19,12,,,,,,,,,,,
RSP_F_D15_S449_L001,RSP_F_D15,,10601,1474,,Dispersal Filtered,Dispersal,,8/29/19,14,,,,,,,,,,,
RSP_F_D17_S451_L001,RSP_F_D17,,4843,478,,Dispersal Filtered,Dispersal,,8/31/19,16,,,,,,,,,,,
RSP_F_D19_S453_L001,RSP_F_D19,,4477,274,,Dispersal Filtered,Dispersal,,9/2/19,18,,,,,,,,,,,
RSP_F_D21_S455_L001,RSP_F_D21,,7713,601,,Dispersal Filtered,Dispersal,,9/4/19,20,,,,,,,,,,,
RSP_NF_D3_S458_L001,RSP_NF_D3,,47243,41392,,Dispersal Unfiltered,Dispersal,,8/17/19,2,,,,,,,,,,,
RSP_NF_D5_S440_L001,RSP_NF_D5,,39319,35281,,Dispersal Unfiltered,Dispersal,,8/19/19,4,,,,,,,,,,,
RSP_NF_D7_S442_L001,RSP_NF_D7,,35460,31405,,Dispersal Unfiltered,Dispersal,,8/21/19,6,,,,,,,,,,,
RSP_NF_D9_S444_L001,RSP_NF_D9,,35877,32802,,Dispersal Unfiltered,Dispersal,,8/23/19,8,,,,,,,,,,,
RSP_NF_D11_S446_L001,RSP_NF_D11,,41218,37822,,Dispersal Unfiltered,Dispersal,,8/25/19,10,,,,,,,,,,,
RSP_NF_D13_S448_L001,RSP_NF_D13,,36454,33363,,Dispersal Unfiltered,Dispersal,,8/27/19,12,,,,,,,,,,,
RSP_NF_D15_S450_L001,RSP_NF_D15,,40347,37179,,Dispersal Unfiltered,Dispersal,,8/29/19,14,,,,,,,,,,,
RSP_NF_D17_S452_L001,RSP_NF_D17,,39666,36554,,Dispersal Unfiltered,Dispersal,,8/31/19,16,,,,,,,,,,,
RSP_NF_D19_S454_L001,RSP_NF_D19,,52115,47679,,Dispersal Unfiltered,Dispersal,,9/2/19,18,,,,,,,,,,,
RSP_NF_D21_S456_L001,RSP_NF_D21,,48892,44845,,Dispersal Unfiltered,Dispersal,,9/4/19,20,,,,,,,,,,,
M_D5_OL1_1_S358_L001,M_D5_OL1.1,,17327,16407,OL1.1,Microbial Water,Water,,8/19/19,4,,,,,N,C,OL,,,,
M_D5_OL1_2_S359_L001,M_D5_OL1.2,,12124,11294,OL1.2,Microbial Water,Water,,8/19/19,4,,,,,N,C,OL,,,,
M_D5_OL1_3_S360_L001,M_D5_OL1.3,,17174,15884,OL1.3,Microbial Water,Water,,8/19/19,4,,,,,D,C,OL,,,,
M_D5_OL1_4_S361_L001,M_D5_OL1.4,,16643,15310,OL1.4,Microbial Water,Water,,8/19/19,4,,,,,D,C,OL,,,,
M_D5_OL1_5_S362_L001,M_D5_OL1.5,,21221,18903,OL1.5,Microbial Water,Water,,8/19/19,4,,,,,N,H,OL,,,,
M_D5_OL1_6_S363_L001,M_D5_OL1.6,,26922,23373,OL1.6,Microbial Water,Water,,8/19/19,4,,,,,N,H,OL,,,,
M_D5_OL1_7_S364_L001,M_D5_OL1.7,,29553,25988,OL1.7,Microbial Water,Water,,8/19/19,4,,,,,D,H,OL,,,,
M_D5_OL1_8_S365_L001,M_D5_OL1.8,,25927,22627,OL1.8,Microbial Water,Water,,8/19/19,4,,,,,D,H,OL,,,,
M_D5_OL2_1_S366_L001,M_D5_OL2.1,,29777,27805,OL2.1,Microbial Water,Water,,8/19/19,4,,,,,N,C,OL,,,,
M_D5_OL2_2_S367_L001,M_D5_OL2.2,,31209,29193,OL2.2,Microbial Water,Water,,8/19/19,4,,,,,N,C,OL,,,,
M_D5_OL2_3_S368_L001,M_D5_OL2.3,,29723,27667,OL2.3,Microbial Water,Water,,8/19/19,4,,,,,D,C,OL,,,,
M_D5_OL2_4_S369_L001,M_D5_OL2.4,,16381,15284,OL2.4,Microbial Water,Water,,8/19/19,4,,,,,D,C,OL,,,,
M_D5_OL2_5_S370_L001,M_D5_OL2.5,,15411,13702,OL2.5,Microbial Water,Water,,8/19/19,4,,,,,N,H,OL,,,,
M_D5_OL2_6_S371_L001,M_D5_OL2.6,,14493,12954,OL2.6,Microbial Water,Water,,8/19/19,4,,,,,N,H,OL,,,,
M_D5_OL2_7_S372_L001,M_D5_OL2.7,,17921,15554,OL2.7,Microbial Water,Water,,8/19/19,4,,,,,D,H,OL,,,,
M_D5_OL2_8_S373_L001,M_D5_OL2.8,,16893,14879,OL2.8,Microbial Water,Water,,8/19/19,4,,,,,D,H,OL,,,,
M_D5_OL3_1_S374_L001,M_D5_OL3.1,,21186,18667,OL3.1,Microbial Water,Water,,8/19/19,4,,,,,N,C,OL,,,,
M_D5_OL3_2_S375_L001,M_D5_OL3.2,,18826,16606,OL3.2,Microbial Water,Water,,8/19/19,4,,,,,N,C,OL,,,,
M_D5_OL3_3_S376_L001,M_D5_OL3.3,,36228,31784,OL3.3,Microbial Water,Water,,8/19/19,4,,,,,D,C,OL,,,,
M_D5_OL3_4_S377_L001,M_D5_OL3.4,,32058,27972,OL3.4,Microbial Water,Water,,8/19/19,4,,,,,D,C,OL,,,,
M_D5_OL3_5_S378_L001,M_D5_OL3.5,,31291,25635,OL3.5,Microbial Water,Water,,8/19/19,4,,,,,N,H,OL,,,,
M_D5_OL3_6_S468_L001,M_D5_OL3.6,,62207,51816,OL3.6,Microbial Water,Water,,8/19/19,4,,,,,N,H,OL,,,,
M_D5_OL3_7_S380_L001,M_D5_OL3.7,,66217,55956,OL3.7,Microbial Water,Water,,8/19/19,4,,,,,D,H,OL,,,,
M_D5_OL3_8_S381_L001,M_D5_OL3.8,,63529,53442,OL3.8,Microbial Water,Water,,8/19/19,4,,,,,D,H,OL,,,,
M_D5_SG1_1_S382_L001,M_D5_SG1.1,,63990,56850,SG1.1,Microbial Water,Water,,8/19/19,4,,,,,N,C,SG,,,,
M_D5_SG1_2_S383_L001,M_D5_SG1.2,,47874,41957,SG1.2,Microbial Water,Water,,8/19/19,4,,,,,N,C,SG,,,,
M_D5_SG1_3_S384_L001,M_D5_SG1.3,,47327,42600,SG1.3,Microbial Water,Water,,8/19/19,4,,,,,D,C,SG,,,,
M_D5_SG1_4_S385_L001,M_D5_SG1.4,,20040,17861,SG1.4,Microbial Water,Water,,8/19/19,4,,,,,D,C,SG,,,,
M_D5_SG1_5_S386_L001,M_D5_SG1.5,,22814,19321,SG1.5,Microbial Water,Water,,8/19/19,4,,,,,N,H,SG,,,,
M_D5_SG1_7_S388_L001,M_D5_SG1.7,,17252,14863,SG1.7,Microbial Water,Water,,8/19/19,4,,,,,D,H,SG,,,,
M_D5_SG1_8_S389_L001,M_D5_SG1.8,,9237,8166,SG1.8,Microbial Water,Water,,8/19/19,4,,,,,D,H,SG,,,,
M_D5_SG2_1_S390_L001,M_D5_SG2.1,,33700,31733,SG2.1,Microbial Water,Water,,8/19/19,4,,,,,N,C,SG,,,,
M_D5_SG2_2_S391_L001,M_D5_SG2.2,,17077,16196,SG2.2,Microbial Water,Water,,8/19/19,4,,,,,N,C,SG,,,,
M_D5_SG2_3_S392_L001,M_D5_SG2.3,,43576,40783,SG2.3,Microbial Water,Water,,8/19/19,4,,,,,D,C,SG,,,,
M_D5_SG2_5_S394_L001,M_D5_SG2.5,,11257,10570,SG2.5,Microbial Water,Water,,8/19/19,4,,,,,N,H,SG,,,,
M_D5_SG2_6_S395_L001,M_D5_SG2.6,,36265,33736,SG2.6,Microbial Water,Water,,8/19/19,4,,,,,N,H,SG,,,,
M_D5_SG2_7_S396_L001,M_D5_SG2.7,,35264,33326,SG2.7,Microbial Water,Water,,8/19/19,4,,,,,D,H,SG,,,,
M_D5_SG2_8_S397_L001,M_D5_SG2.8,,29466,27999,SG2.8,Microbial Water,Water,,8/19/19,4,,,,,D,H,SG,,,,
M_D5_SG3_1_S398_L001,M_D5_SG3.1,,29167,26678,SG3.1,Microbial Water,Water,,8/19/19,4,,,,,N,C,SG,,,,
M_D5_SG3_2_S399_L001,M_D5_SG3.2,,34789,31803,SG3.2,Microbial Water,Water,,8/19/19,4,,,,,N,C,SG,,,,
M_D5_SG3_3_S400_L001,M_D5_SG3.3,,34190,31523,SG3.3,Microbial Water,Water,,8/19/19,4,,,,,D,C,SG,,,,
M_D5_SG3_4_S401_L001,M_D5_SG3.4,,22398,20054,SG3.4,Microbial Water,Water,,8/19/19,4,,,,,D,C,SG,,,,
M_D5_SG3_5_S402_L001,M_D5_SG3.5,,36986,32939,SG3.5,Microbial Water,Water,,8/19/19,4,,,,,N,H,SG,,,,
M_D5_SG3_6_S403_L001,M_D5_SG3.6,,34285,30346,SG3.6,Microbial Water,Water,,8/19/19,4,,,,,N,H,SG,,,,
M_D5_SG3_7_S404_L001,M_D5_SG3.7,,29772,27009,SG3.7,Microbial Water,Water,,8/19/19,4,,,,,D,H,SG,,,,
M_D5_SG3_8_S405_L001,M_D5_SG3.8,,16084,14469,SG3.8,Microbial Water,Water,,8/19/19,4,,,,,D,H,SG,,,,
M_D5_SW1_1_S406_L001,M_D5_SW1.1,,52361,47903,SW1.1,Microbial Water,Water,,8/19/19,4,,,,,N,C,SW,,,,
M_D5_SW1_2_S407_L001,M_D5_SW1.2,,55626,50825,SW1.2,Microbial Water,Water,,8/19/19,4,,,,,N,C,SW,,,,
M_D5_SW1_3_S408_L001,M_D5_SW1.3,,51263,46788,SW1.3,Microbial Water,Water,,8/19/19,4,,,,,D,C,SW,,,,
M_D5_SW1_4_S409_L001,M_D5_SW1.4,,42549,38936,SW1.4,Microbial Water,Water,,8/19/19,4,,,,,D,C,SW,,,,
M_D5_SW1_5_S410_L001,M_D5_SW1.5,,44771,41455,SW1.5,Microbial Water,Water,,8/19/19,4,,,,,N,H,SW,,,,
M_D5_SW1_6_S411_L001,M_D5_SW1.6,,42813,39183,SW1.6,Microbial Water,Water,,8/19/19,4,,,,,N,H,SW,,,,
M_D5_SW1_7_S412_L001,M_D5_SW1.7,,44578,40681,SW1.7,Microbial Water,Water,,8/19/19,4,,,,,D,H,SW,,,,
M_D5_SW1_8_S413_L001,M_D5_SW1.8,,36076,32938,SW1.8,Microbial Water,Water,,8/19/19,4,,,,,D,H,SW,,,,
M_D5_SW2_1_S414_L001,M_D5_SW2.1,,64191,59056,SW2.1,Microbial Water,Water,,8/19/19,4,,,,,N,C,SW,,,,
M_D5_SW2_2_S415_L001,M_D5_SW2.2,,49930,45533,SW2.2,Microbial Water,Water,,8/19/19,4,,,,,N,C,SW,,,,
M_D5_SW2_3_S416_L001,M_D5_SW2.3,,68034,62016,SW2.3,Microbial Water,Water,,8/19/19,4,,,,,D,C,SW,,,,
M_D5_SW2_4_S417_L001,M_D5_SW2.4,,56080,51470,SW2.4,Microbial Water,Water,,8/19/19,4,,,,,D,C,SW,,,,
M_D5_SW2_5_S418_L001,M_D5_SW2.5,,49562,45652,SW2.5,Microbial Water,Water,,8/19/19,4,,,,,N,H,SW,,,,
M_D5_SW2_6_S419_L001,M_D5_SW2.6,,53283,48105,SW2.6,Microbial Water,Water,,8/19/19,4,,,,,N,H,SW,,,,
M_D5_SW2_7_S420_L001,M_D5_SW2.7,,56701,51912,SW2.7,Microbial Water,Water,,8/19/19,4,,,,,D,H,SW,,,,
M_D5_SW2_8_S421_L001,M_D5_SW2.8,,44369,40749,SW2.8,Microbial Water,Water,,8/19/19,4,,,,,D,H,SW,,,,
M_D5_SW3_1_S422_L001,M_D5_SW3.1,,44526,40662,SW3.1,Microbial Water,Water,,8/19/19,4,,,,,N,C,SW,,,,
M_D5_SW3_2_S423_L001,M_D5_SW3.2,,47849,43372,SW3.2,Microbial Water,Water,,8/19/19,4,,,,,N,C,SW,,,,
M_D5_SW3_3_S424_L001,M_D5_SW3.3,,45819,42145,SW3.3,Microbial Water,Water,,8/19/19,4,,,,,D,C,SW,,,,
M_D5_SW3_4_S425_L001,M_D5_SW3.4,,37502,33678,SW3.4,Microbial Water,Water,,8/19/19,4,,,,,D,C,SW,,,,
M_D5_SW3_5_S426_L001,M_D5_SW3.5,,33156,29877,SW3.5,Microbial Water,Water,,8/19/19,4,,,,,N,H,SW,,,,
M_D5_SW3_6_S427_L001,M_D5_SW3.6,,37989,34268,SW3.6,Microbial Water,Water,,8/19/19,4,,,,,N,H,SW,,,,
M_D5_SW3_7_S428_L001,M_D5_SW3.7,,44036,40418,SW3.7,Microbial Water,Water,,8/19/19,4,,,,,D,H,SW,,,,
M_D5_SW3_8_S429_L001,M_D5_SW3.8,,43600,39943,SW3.8,Microbial Water,Water,,8/19/19,4,,,,,D,H,SW,,,,
M_D13_OL1_1_S216_L001,M_D13_OL1.1,,25797,23466,OL1.1,Microbial Water,Water,,8/27/19,12,,,,,N,C,OL,,,,
M_D13_OL1_2_S217_L001,M_D13_OL1.2,,34139,31716,OL1.2,Microbial Water,Water,,8/27/19,12,,,,,N,C,OL,,,,
M_D13_OL1_3_S218_L001,M_D13_OL1.3,,15861,14492,OL1.3,Microbial Water,Water,,8/27/19,12,,,,,D,C,OL,,,,
M_D13_OL1_4_S219_L001,M_D13_OL1.4,,49298,45548,OL1.4,Microbial Water,Water,,8/27/19,12,,,,,D,C,OL,,,,
M_D13_OL1_5_S220_L001,M_D13_OL1.5,,2708,236,OL1.5,Microbial Water,Water,,8/27/19,12,,,,,N,H,OL,,,,
M_D13_OL1_6_S221_L001,M_D13_OL1.6,,44559,39491,OL1.6,Microbial Water,Water,,8/27/19,12,,,,,N,H,OL,,,,
M_D13_OL1_7_S222_L001,M_D13_OL1.7,,32248,29021,OL1.7,Microbial Water,Water,,8/27/19,12,,,,,D,H,OL,,,,
M_D13_OL1_8_S223_L001,M_D13_OL1.8,,32456,29261,OL1.8,Microbial Water,Water,,8/27/19,12,,,,,D,H,OL,,,,
M_D13_OL2_1_S224_L001,M_D13_OL2.1,,39229,35577,OL2.1,Microbial Water,Water,,8/27/19,12,,,,,N,C,OL,,,,
M_D13_OL2_2_S225_L001,M_D13_OL2.2,,31583,29041,OL2.2,Microbial Water,Water,,8/27/19,12,,,,,N,C,OL,,,,
M_D13_OL2_3_S226_L001,M_D13_OL2.3,,23414,21719,OL2.3,Microbial Water,Water,,8/27/19,12,,,,,D,C,OL,,,,
M_D13_OL2_4_S227_L001,M_D13_OL2.4,,36063,33143,OL2.4,Microbial Water,Water,,8/27/19,12,,,,,D,C,OL,,,,
M_D13_OL2_5_S228_L001,M_D13_OL2.5,,21732,19188,OL2.5,Microbial Water,Water,,8/27/19,12,,,,,N,H,OL,,,,
M_D13_OL2_6_S229_L001,M_D13_OL2.6,,29456,25651,OL2.6,Microbial Water,Water,,8/27/19,12,,,,,N,H,OL,,,,
M_D13_OL2_7_S230_L001,M_D13_OL2.7,,28640,24118,OL2.7,Microbial Water,Water,,8/27/19,12,,,,,D,H,OL,,,,
M_D13_OL2_8_S231_L001,M_D13_OL2.8,,30425,26427,OL2.8,Microbial Water,Water,,8/27/19,12,,,,,D,H,OL,,,,
M_D13_OL3_1_S232_L001,M_D13_OL3.1,,25558,22609,OL3.1,Microbial Water,Water,,8/27/19,12,,,,,N,C,OL,,,,
M_D13_OL3_2_S233_L001,M_D13_OL3.2,,33057,28708,OL3.2,Microbial Water,Water,,8/27/19,12,,,,,N,C,OL,,,,
M_D13_OL3_3_S234_L001,M_D13_OL3.3,,34293,29510,OL3.3,Microbial Water,Water,,8/27/19,12,,,,,D,C,OL,,,,
M_D13_OL3_4_S235_L001,M_D13_OL3.4,,33407,28879,OL3.4,Microbial Water,Water,,8/27/19,12,,,,,D,C,OL,,,,
M_D13_OL3_5_S236_L001,M_D13_OL3.5,,22708,19029,OL3.5,Microbial Water,Water,,8/27/19,12,,,,,N,H,OL,,,,
M_D13_OL3_6_S237_L001,M_D13_OL3.6,,40936,34119,OL3.6,Microbial Water,Water,,8/27/19,12,,,,,N,H,OL,,,,
M_D13_OL3_7_S238_L001,M_D13_OL3.7,,26852,22507,OL3.7,Microbial Water,Water,,8/27/19,12,,,,,D,H,OL,,,,
M_D13_OL3_8_S239_L001,M_D13_OL3.8,,19802,15641,OL3.8,Microbial Water,Water,,8/27/19,12,,,,,D,H,OL,,,,
M_D13_SG1_1_S240_L001,M_D13_SG1.1,,16235,15460,SG1.1,Microbial Water,Water,,8/27/19,12,,,,,N,C,SG,,,,
M_D13_SG1_2_S241_L001,M_D13_SG1.2,,13962,12998,SG1.2,Microbial Water,Water,,8/27/19,12,,,,,N,C,SG,,,,
M_D13_SG1_3_S242_L001,M_D13_SG1.3,,25161,23558,SG1.3,Microbial Water,Water,,8/27/19,12,,,,,D,C,SG,,,,
M_D13_SG1_4_S243_L001,M_D13_SG1.4,,17796,16776,SG1.4,Microbial Water,Water,,8/27/19,12,,,,,D,C,SG,,,,
M_D13_SG1_5_S244_L001,M_D13_SG1.5,,16366,14783,SG1.5,Microbial Water,Water,,8/27/19,12,,,,,N,H,SG,,,,
M_D13_SG1_6_S245_L001,M_D13_SG1.6,,29384,27157,SG1.6,Microbial Water,Water,,8/27/19,12,,,,,N,H,SG,,,,
M_D13_SG1_7_S246_L001,M_D13_SG1.7,,20666,19088,SG1.7,Microbial Water,Water,,8/27/19,12,,,,,D,H,SG,,,,
M_D13_SG1_8_S247_L001,M_D13_SG1.8,,27823,24451,SG1.8,Microbial Water,Water,,8/27/19,12,,,,,D,H,SG,,,,
M_D13_SG2_1_S248_L001,M_D13_SG2.1,,18245,17574,SG2.1,Microbial Water,Water,,8/27/19,12,,,,,N,C,SG,,,,
M_D13_SG2_2_S249_L001,M_D13_SG2.2,,22164,21521,SG2.2,Microbial Water,Water,,8/27/19,12,,,,,N,C,SG,,,,
M_D13_SG2_3_S250_L001,M_D13_SG2.3,,25354,24502,SG2.3,Microbial Water,Water,,8/27/19,12,,,,,D,C,SG,,,,
M_D13_SG2_4_S251_L001,M_D13_SG2.4,,18306,17703,SG2.4,Microbial Water,Water,,8/27/19,12,,,,,D,C,SG,,,,
M_D13_SG2_5_S252_L001,M_D13_SG2.5,,13094,12760,SG2.5,Microbial Water,Water,,8/27/19,12,,,,,N,H,SG,,,,
M_D13_SG2_6_S253_L001,M_D13_SG2.6,,11982,11604,SG2.6,Microbial Water,Water,,8/27/19,12,,,,,N,H,SG,,,,
M_D13_SG2_7_S254_L001,M_D13_SG2.7,,209,0,SG2.7,Microbial Water,Water,,8/27/19,12,,,,,D,H,SG,,,,
M_D13_SG2_8_S255_L001,M_D13_SG2.8,,16851,16197,SG2.8,Microbial Water,Water,,8/27/19,12,,,,,D,H,SG,,,,
M_D13_SG3_1_S256_L001,M_D13_SG3.1,,17195,16138,SG3.1,Microbial Water,Water,,8/27/19,12,,,,,N,C,SG,,,,
M_D13_SG3_2_S257_L001,M_D13_SG3.2,,28723,26812,SG3.2,Microbial Water,Water,,8/27/19,12,,,,,N,C,SG,,,,
M_D13_SG3_3_S258_L001,M_D13_SG3.3,,22766,21322,SG3.3,Microbial Water,Water,,8/27/19,12,,,,,D,C,SG,,,,
M_D13_SG3_4_S259_L001,M_D13_SG3.4,,36290,33899,SG3.4,Microbial Water,Water,,8/27/19,12,,,,,D,C,SG,,,,
M_D13_SG3_5_S260_L001,M_D13_SG3.5,,21734,19834,SG3.5,Microbial Water,Water,,8/27/19,12,,,,,N,H,SG,,,,
M_D13_SG3_6_S261_L001,M_D13_SG3.6,,22536,20835,SG3.6,Microbial Water,Water,,8/27/19,12,,,,,N,H,SG,,,,
M_D13_SG3_7_S262_L001,M_D13_SG3.7,,17221,15978,SG3.7,Microbial Water,Water,,8/27/19,12,,,,,D,H,SG,,,,
M_D13_SG3_8_S263_L001,M_D13_SG3.8,,15309,14265,SG3.8,Microbial Water,Water,,8/27/19,12,,,,,D,H,SG,,,,
M_D13_SW1_1_S264_L001,M_D13_SW1.1,,18733,17179,SW1.1,Microbial Water,Water,,8/27/19,12,,,,,N,C,SW,,,,
M_D13_SW1_2_S265_L001,M_D13_SW1.2,,15053,13836,SW1.2,Microbial Water,Water,,8/27/19,12,,,,,N,C,SW,,,,
M_D13_SW1_3_S266_L001,M_D13_SW1.3,,25973,23773,SW1.3,Microbial Water,Water,,8/27/19,12,,,,,D,C,SW,,,,
M_D13_SW1_4_S267_L001,M_D13_SW1.4,,22678,21316,SW1.4,Microbial Water,Water,,8/27/19,12,,,,,D,C,SW,,,,
M_D13_SW1_5_S268_L001,M_D13_SW1.5,,38842,36533,SW1.5,Microbial Water,Water,,8/27/19,12,,,,,N,H,SW,,,,
M_D13_SW1_6_S269_L001,M_D13_SW1.6,,40625,38032,SW1.6,Microbial Water,Water,,8/27/19,12,,,,,N,H,SW,,,,
M_D13_SW1_7_S270_L001,M_D13_SW1.7,,21656,19863,SW1.7,Microbial Water,Water,,8/27/19,12,,,,,D,H,SW,,,,
M_D13_SW1_8_S271_L001,M_D13_SW1.8,,26330,24660,SW1.8,Microbial Water,Water,,8/27/19,12,,,,,D,H,SW,,,,
M_D13_SW2_1_S461_L001,M_D13_SW2.1,,30490,28104,SW2.1,Microbial Water,Water,,8/27/19,12,,,,,N,C,SW,,,,
M_D13_SW2_2_S272_L001,M_D13_SW2.2,,26891,24879,SW2.2,Microbial Water,Water,,8/27/19,12,,,,,N,C,SW,,,,
M_D13_SW2_3_S273_L001,M_D13_SW2.3,,26418,24600,SW2.3,Microbial Water,Water,,8/27/19,12,,,,,D,C,SW,,,,
M_D13_SW2_4_S274_L001,M_D13_SW2.4,,29091,26768,SW2.4,Microbial Water,Water,,8/27/19,12,,,,,D,C,SW,,,,
M_D13_SW2_5_S275_L001,M_D13_SW2.5,,17144,15926,SW2.5,Microbial Water,Water,,8/27/19,12,,,,,N,H,SW,,,,
M_D13_SW2_6_S276_L001,M_D13_SW2.6,,34200,32236,SW2.6,Microbial Water,Water,,8/27/19,12,,,,,N,H,SW,,,,
M_D13_SW2_7_S277_L001,M_D13_SW2.7,,24687,22845,SW2.7,Microbial Water,Water,,8/27/19,12,,,,,D,H,SW,,,,
M_D13_SW2_8_S278_L001,M_D13_SW2.8,,17957,16979,SW2.8,Microbial Water,Water,,8/27/19,12,,,,,D,H,SW,,,,
M_D13_SW3_1_S279_L001,M_D13_SW3.1,,25173,23183,SW3.1,Microbial Water,Water,,8/27/19,12,,,,,N,C,SW,,,,
M_D13_SW3_2_S280_L001,M_D13_SW3.2,,32434,29773,SW3.2,Microbial Water,Water,,8/27/19,12,,,,,N,C,SW,,,,
M_D13_SW3_3_S281_L001,M_D13_SW3.3,,23737,21956,SW3.3,Microbial Water,Water,,8/27/19,12,,,,,D,C,SW,,,,
M_D13_SW3_4_S282_L001,M_D13_SW3.4,,22840,21259,SW3.4,Microbial Water,Water,,8/27/19,12,,,,,D,C,SW,,,,
M_D13_SW3_5_S283_L001,M_D13_SW3.5,,34205,31533,SW3.5,Microbial Water,Water,,8/27/19,12,,,,,N,H,SW,,,,
M_D13_SW3_6_S284_L001,M_D13_SW3.6,,29218,27046,SW3.6,Microbial Water,Water,,8/27/19,12,,,,,N,H,SW,,,,
M_D13_SW3_7_S285_L001,M_D13_SW3.7,,29584,27389,SW3.7,Microbial Water,Water,,8/27/19,12,,,,,D,H,SW,,,,
M_D13_SW3_8_S286_L001,M_D13_SW3.8,,30900,29270,SW3.8,Microbial Water,Water,,8/27/19,12,,,,,D,H,SW,,,,
M_D21_OL1_1_S287_L001,M_D21_OL1.1,,21015,18760,OL1.1,Microbial Water,Water,,9/4/19,20,,,,,N,C,OL,,,,
M_D21_OL1_2_S288_L001,M_D21_OL1.2,,29867,27547,OL1.2,Microbial Water,Water,,9/4/19,20,,,,,N,C,OL,,,,
M_D21_OL1_3_S289_L001,M_D21_OL1.3,,33671,30897,OL1.3,Microbial Water,Water,,9/4/19,20,,,,,D,C,OL,,,,
M_D21_OL1_4_S290_L001,M_D21_OL1.4,,30036,27244,OL1.4,Microbial Water,Water,,9/4/19,20,,,,,D,C,OL,,,,
M_D21_OL1_5_S291_L001,M_D21_OL1.5,,29524,25436,OL1.5,Microbial Water,Water,,9/4/19,20,,,,,N,H,OL,,,,
M_D21_OL1_6_S292_L001,M_D21_OL1.6,,29723,26542,OL1.6,Microbial Water,Water,,9/4/19,20,,,,,N,H,OL,,,,
M_D21_OL1_7_S293_L001,M_D21_OL1.7,,30401,27154,OL1.7,Microbial Water,Water,,9/4/19,20,,,,,D,H,OL,,,,
M_D21_OL1_8_S294_L001,M_D21_OL1.8,,36718,33590,OL1.8,Microbial Water,Water,,9/4/19,20,,,,,D,H,OL,,,,
M_D21_OL2_1_S295_L001,M_D21_OL2.1,,25148,22317,OL2.1,Microbial Water,Water,,9/4/19,20,,,,,N,C,OL,,,,
M_D21_OL2_2_S296_L001,M_D21_OL2.2,,43030,40166,OL2.2,Microbial Water,Water,,9/4/19,20,,,,,N,C,OL,,,,
M_D21_OL2_3_S297_L001,M_D21_OL2.3,,26488,24598,OL2.3,Microbial Water,Water,,9/4/19,20,,,,,D,C,OL,,,,
M_D21_OL2_4_S298_L001,M_D21_OL2.4,,24313,22065,OL2.4,Microbial Water,Water,,9/4/19,20,,,,,D,C,OL,,,,
M_D21_OL2_5_S299_L001,M_D21_OL2.5,,36637,32190,OL2.5,Microbial Water,Water,,9/4/19,20,,,,,N,H,OL,,,,
M_D21_OL2_6_S300_L001,M_D21_OL2.6,,31339,27606,OL2.6,Microbial Water,Water,,9/4/19,20,,,,,N,H,OL,,,,
M_D21_OL2_7_S301_L001,M_D21_OL2.7,,28489,22706,OL2.7,Microbial Water,Water,,9/4/19,20,,,,,D,H,OL,,,,
M_D21_OL2_8_S302_L001,M_D21_OL2.8,,14552,12696,OL2.8,Microbial Water,Water,,9/4/19,20,,,,,D,H,OL,,,,
M_D21_OL3_1_S303_L001,M_D21_OL3.1,,17314,14990,OL3.1,Microbial Water,Water,,9/4/19,20,,,,,N,C,OL,,,,
M_D21_OL3_2_S304_L001,M_D21_OL3.2,,25450,21819,OL3.2,Microbial Water,Water,,9/4/19,20,,,,,N,C,OL,,,,
M_D21_OL3_3_S305_L001,M_D21_OL3.3,,25244,22094,OL3.3,Microbial Water,Water,,9/4/19,20,,,,,D,C,OL,,,,
M_D21_OL3_4_S306_L001,M_D21_OL3.4,,31471,26897,OL3.4,Microbial Water,Water,,9/4/19,20,,,,,D,C,OL,,,,
M_D21_OL3_5_S307_L001,M_D21_OL3.5,,32709,26914,OL3.5,Microbial Water,Water,,9/4/19,20,,,,,N,H,OL,,,,
M_D21_OL3_6_S465_L001,M_D21_OL3.6,,24304,21186,OL3.6,Microbial Water,Water,,9/4/19,20,,,,,N,H,OL,,,,
M_D21_OL3_7_S308_L001,M_D21_OL3.7,,20279,17085,OL3.7,Microbial Water,Water,,9/4/19,20,,,,,D,H,OL,,,,
M_D21_OL3_8_S309_L001,M_D21_OL3.8,,21457,17178,OL3.8,Microbial Water,Water,,9/4/19,20,,,,,D,H,OL,,,,
M_D21_SG1_1_S310_L001,M_D21_SG1.1,,11702,10748,SG1.1,Microbial Water,Water,,9/4/19,20,,,,,N,C,SG,,,,
M_D21_SG1_2_S311_L001,M_D21_SG1.2,,13530,12365,SG1.2,Microbial Water,Water,,9/4/19,20,,,,,N,C,SG,,,,
M_D21_SG1_3_S312_L001,M_D21_SG1.3,,22787,20640,SG1.3,Microbial Water,Water,,9/4/19,20,,,,,D,C,SG,,,,
M_D21_SG1_4_S313_L001,M_D21_SG1.4,,12721,11567,SG1.4,Microbial Water,Water,,9/4/19,20,,,,,D,C,SG,,,,
M_D21_SG1_5_S314_L001,M_D21_SG1.5,,12970,11673,SG1.5,Microbial Water,Water,,9/4/19,20,,,,,N,H,SG,,,,
M_D21_SG1_6_S315_L001,M_D21_SG1.6,,13596,11804,SG1.6,Microbial Water,Water,,9/4/19,20,,,,,N,H,SG,,,,
M_D21_SG1_7_S316_L001,M_D21_SG1.7,,15158,13168,SG1.7,Microbial Water,Water,,9/4/19,20,,,,,D,H,SG,,,,
M_D21_SG1_8_S317_L001,M_D21_SG1.8,,12534,11186,SG1.8,Microbial Water,Water,,9/4/19,20,,,,,D,H,SG,,,,
M_D21_SG2_1_S318_L001,M_D21_SG2.1,,12927,12550,SG2.1,Microbial Water,Water,,9/4/19,20,,,,,N,C,SG,,,,
M_D21_SG2_2_S319_L001,M_D21_SG2.2,,17801,17126,SG2.2,Microbial Water,Water,,9/4/19,20,,,,,N,C,SG,,,,
M_D21_SG2_3_S320_L001,M_D21_SG2.3,,20352,19145,SG2.3,Microbial Water,Water,,9/4/19,20,,,,,D,C,SG,,,,
M_D21_SG2_4_S321_L001,M_D21_SG2.4,,20763,19500,SG2.4,Microbial Water,Water,,9/4/19,20,,,,,D,C,SG,,,,
M_D21_SG2_5_S322_L001,M_D21_SG2.5,,12617,11094,SG2.5,Microbial Water,Water,,9/4/19,20,,,,,N,H,SG,,,,
M_D21_SG2_6_S323_L001,M_D21_SG2.6,,14182,13261,SG2.6,Microbial Water,Water,,9/4/19,20,,,,,N,H,SG,,,,
M_D21_SG2_7_S324_L001,M_D21_SG2.7,,17356,16373,SG2.7,Microbial Water,Water,,9/4/19,20,,,,,D,H,SG,,,,
M_D21_SG2_8_S325_L001,M_D21_SG2.8,,16755,15364,SG2.8,Microbial Water,Water,,9/4/19,20,,,,,D,H,SG,,,,
M_D21_SG3_1_S326_L001,M_D21_SG3.1,,19402,17802,SG3.1,Microbial Water,Water,,9/4/19,20,,,,,N,C,SG,,,,
M_D21_SG3_2_S327_L001,M_D21_SG3.2,,15357,14166,SG3.2,Microbial Water,Water,,9/4/19,20,,,,,N,C,SG,,,,
M_D21_SG3_3_S328_L001,M_D21_SG3.3,,11413,10307,SG3.3,Microbial Water,Water,,9/4/19,20,,,,,D,C,SG,,,,
M_D21_SG3_4_S329_L001,M_D21_SG3.4,,18353,16479,SG3.4,Microbial Water,Water,,9/4/19,20,,,,,D,C,SG,,,,
M_D21_SG3_5_S330_L001,M_D21_SG3.5,,25997,23453,SG3.5,Microbial Water,Water,,9/4/19,20,,,,,N,H,SG,,,,
M_D21_SG3_6_S331_L001,M_D21_SG3.6,,25433,22989,SG3.6,Microbial Water,Water,,9/4/19,20,,,,,N,H,SG,,,,
M_D21_SG3_7_S332_L001,M_D21_SG3.7,,17369,15845,SG3.7,Microbial Water,Water,,9/4/19,20,,,,,D,H,SG,,,,
M_D21_SG3_8_S333_L001,M_D21_SG3.8,,17703,16065,SG3.8,Microbial Water,Water,,9/4/19,20,,,,,D,H,SG,,,,
M_D21_SW1_1_S334_L001,M_D21_SW1.1,,14924,13847,SW1.1,Microbial Water,Water,,9/4/19,20,,,,,N,C,SW,,,,
M_D21_SW1_2_S335_L001,M_D21_SW1.2,,11755,10958,SW1.2,Microbial Water,Water,,9/4/19,20,,,,,N,C,SW,,,,
M_D21_SW1_3_S336_L001,M_D21_SW1.3,,15956,14914,SW1.3,Microbial Water,Water,,9/4/19,20,,,,,D,C,SW,,,,
M_D21_SW1_4_S337_L001,M_D21_SW1.4,,18681,17815,SW1.4,Microbial Water,Water,,9/4/19,20,,,,,D,C,SW,,,,
M_D21_SW1_5_S338_L001,M_D21_SW1.5,,4133,4004,SW1.5,Microbial Water,Water,,9/4/19,20,,,,,N,H,SW,,,,
M_D21_SW1_6_S339_L001,M_D21_SW1.6,,20841,19607,SW1.6,Microbial Water,Water,,9/4/19,20,,,,,N,H,SW,,,,
M_D21_SW1_7_S340_L001,M_D21_SW1.7,,26421,24920,SW1.7,Microbial Water,Water,,9/4/19,20,,,,,D,H,SW,,,,
M_D21_SW1_8_S341_L001,M_D21_SW1.8,,17578,16890,SW1.8,Microbial Water,Water,,9/4/19,20,,,,,D,H,SW,,,,
M_D21_SW2_1_S342_L001,M_D21_SW2.1,,19364,16454,SW2.1,Microbial Water,Water,,9/4/19,20,,,,,N,C,SW,,,,
M_D21_SW2_2_S343_L001,M_D21_SW2.2,,23041,20809,SW2.2,Microbial Water,Water,,9/4/19,20,,,,,N,C,SW,,,,
M_D21_SW2_3_S344_L001,M_D21_SW2.3,,20590,19384,SW2.3,Microbial Water,Water,,9/4/19,20,,,,,D,C,SW,,,,
M_D21_SW2_4_S345_L001,M_D21_SW2.4,,17035,15808,SW2.4,Microbial Water,Water,,9/4/19,20,,,,,D,C,SW,,,,
M_D21_SW2_5_S346_L001,M_D21_SW2.5,,16193,15593,SW2.5,Microbial Water,Water,,9/4/19,20,,,,,N,H,SW,,,,
M_D21_SW2_6_S347_L001,M_D21_SW2.6,,19335,18364,SW2.6,Microbial Water,Water,,9/4/19,20,,,,,N,H,SW,,,,
M_D21_SW2_7_S348_L001,M_D21_SW2.7,,15989,15178,SW2.7,Microbial Water,Water,,9/4/19,20,,,,,D,H,SW,,,,
M_D21_SW2_8_S349_L001,M_D21_SW2.8,,18663,17923,SW2.8,Microbial Water,Water,,9/4/19,20,,,,,D,H,SW,,,,
M_D21_SW3_1_S350_L001,M_D21_SW3.1,,11652,10645,SW3.1,Microbial Water,Water,,9/4/19,20,,,,,N,C,SW,,,,
M_D21_SW3_2_S351_L001,M_D21_SW3.2,,24341,21460,SW3.2,Microbial Water,Water,,9/4/19,20,,,,,N,C,SW,,,,
M_D21_SW3_3_S352_L001,M_D21_SW3.3,,56820,52873,SW3.3,Microbial Water,Water,,9/4/19,20,,,,,D,C,SW,,,,
M_D21_SW3_4_S353_L001,M_D21_SW3.4,,22278,20568,SW3.4,Microbial Water,Water,,9/4/19,20,,,,,D,C,SW,,,,
M_D21_SW3_5_S354_L001,M_D21_SW3.5,,29791,27752,SW3.5,Microbial Water,Water,,9/4/19,20,,,,,N,H,SW,,,,
M_D21_SW3_6_S355_L001,M_D21_SW3.6,,21398,20494,SW3.6,Microbial Water,Water,,9/4/19,20,,,,,N,H,SW,,,,
M_D21_SW3_7_S356_L001,M_D21_SW3.7,,16982,16344,SW3.7,Microbial Water,Water,,9/4/19,20,,,,,D,H,SW,,,,
M_D21_SW3_8_S357_L001,M_D21_SW3.8,,13400,12941,SW3.8,Microbial Water,Water,,9/4/19,20,,,,,D,H,SW,,,,
M_OL1_1_S430_L001,M_OL1_1,,14125,104,,Infusion water,Infusion,,8/15/19,0,,,,OL Microbial-filtered-dilute,,,OL,,,,"some info was blank, filled it in assuming this was the day 0 infusion water sample"
M_OL1_2_S431_L001,M_OL1_2,,19438,355,,Infusion water,Infusion,,8/15/19,0,,,,OL Microbial-filtered-dilute,,,OL,,,,"some info was blank, filled it in assuming this was the day 0 infusion water sample"
M_OL1_3_S432_L001,M_OL1_3,,13922,280,,Infusion water,Infusion,,8/15/19,0,,,,OL Microbial-filtered-dilute,,,OL,,,,"some info was blank, filled it in assuming this was the day 0 infusion water sample"
M_SG1_1_S433_L001,M_SG1_1,,7697,57,,Infusion water,Infusion,,8/15/19,0,,,,SG Microbial-filtered-dilute,,,SG,,,,"some info was blank, filled it in assuming this was the day 0 infusion water sample"
M_SG1_2_S434_L001,M_SG1_2,,7374,916,,Infusion water,Infusion,,8/15/19,0,,,,SG Microbial-filtered-dilute,,,SG,,,,"some info was blank, filled it in assuming this was the day 0 infusion water sample"
M_SG1_3_S435_L001,M_SG1_3,,3121,70,,Infusion water,Infusion,,8/15/19,0,,,,SG Microbial-filtered-dilute,,,SG,,,,"some info was blank, filled it in assuming this was the day 0 infusion water sample"
Stock_Culture_RSP_S198_L001,Stock_Culture_RSP,,35398,18056,,Reg spec pool,Culture,,8/15/19,0,,,,,,,,,,,
Extraction_Negative_1_S56_L001,,,,,,Neg_control,,,,,,,,,,,,,,,
Extraction_Negative_2_S147_L001,,,,,,Neg_control,,,,,,,,,,,,,,,
Extraction_Negative_3_S459_L001,,,,,,Neg_control,,,,,,,,,,,,,,,
PCR_Negative_2_S463_L001,,,,,,Neg_control,,,,,,,,,,,,,,,
PCR_Negative_3_S466_L001,,,,,,Neg_control,,,,,,,,,,,,,,,